{
  "phase": 3,
  "model": "openvla/openvla-7b",
  "seeds": [
    42,
    1337,
    2024
  ],
  "n_eval_episodes_per_run": 50,
  "hardware": {
    "bitsandbytes_version": "0.43.3",
    "cuda_version": "11.8",
    "driver_version": "580.159.04",
    "gpu_multi_proc": 56,
    "gpu_name": "Tesla P100-PCIE-16GB",
    "gpu_vram_gb": 15.89,
    "model_precision": "FP16",
    "n_params_b": 7.541,
    "n_params_total": 7541237184,
    "peak_mem_load_mib": 13791.7,
    "platform": "Linux-6.12.90+-x86_64-with-glibc2.35",
    "sm_version": "sm_60",
    "torch_version": "2.2.2+cu118",
    "transformers_version": "4.40.1",
    "eval_session_gpu": "Tesla P100-PCIE-16GB",
    "eval_session_vram_gb": 15.89,
    "eval_session_cuda": "11.8",
    "eval_session_driver": "580.159.04"
  },
  "baseline": {
    "source": "phase1",
    "n_params": 7541237184,
    "aggregate": {
      "l1_error": {
        "mean": 0.28485179124084264,
        "std": 0.0029542450893536762,
        "n_runs": 3,
        "values": [
          0.2809107678051362,
          0.2880233844635759,
          0.2856212214538158
        ]
      },
      "inference_time_ms": {
        "mean": 2095.6349316666715,
        "std": 1.2338907416920708,
        "n_runs": 3,
        "values": [
          2097.1239453300063,
          2094.102479229996,
          2095.6783704400123
        ]
      },
      "peak_mem_mib": {
        "mean": 14345.6025390625,
        "std": 0.0,
        "n_runs": 3,
        "values": [
          14345.6025390625,
          14345.6025390625,
          14345.6025390625
        ]
      },
      "avg_power_w": {
        "mean": 48.1917775,
        "std": 1.3146091574605603,
        "n_runs": 3,
        "values": [
          46.627865,
          48.1031425,
          49.844325
        ]
      },
      "total_kwh": {
        "mean": 0.006023999999999999,
        "std": 0.00016633901125913517,
        "n_runs": 3,
        "values": [
          0.005826,
          0.006013,
          0.006233
        ]
      },
      "co2e_g": {
        "mean": 2.325366666666667,
        "std": 0.06416594804792407,
        "n_runs": 3,
        "values": [
          2.249,
          2.3211,
          2.406
        ]
      },
      "wall_time_s": {
        "mean": 450.0233333333333,
        "std": 0.14704496666742395,
        "n_runs": 3,
        "values": [
          449.84,
          450.03,
          450.2
        ]
      },
      "l1_error_mean": {
        "mean": 0.28485179124084264,
        "std": 0.0029542450893536762,
        "n_runs": 3,
        "values": [
          0.2809107678051362,
          0.2880233844635759,
          0.2856212214538158
        ]
      },
      "inference_time_ms_mean": {
        "mean": 2095.6349316666715,
        "std": 1.2338907416920708,
        "n_runs": 3,
        "values": [
          2097.1239453300063,
          2094.102479229996,
          2095.6783704400123
        ]
      }
    }
  },
  "tn_variants": {
    "16": {
      "bond_dim": 16,
      "condition": "llm_only",
      "n_params_core": 8799040,
      "compression_ratio": 7.021434438352371,
      "efficiency_gain_pct": -180.9747438193859,
      "param_efficiency_gain_pct": 99.88332100177583,
      "aggregate": {
        "l1_error_mean": {
          "mean": 0.22242099936306414,
          "std": 0.0,
          "n_runs": 3,
          "values": [
            0.22242099936306414,
            0.22242099936306414,
            0.22242099936306414
          ]
        },
        "inference_time_ms_mean": {
          "mean": 5888.2048806399935,
          "std": 2.2175484893598125,
          "n_runs": 3,
          "values": [
            5885.561980320006,
            5890.988380859989,
            5888.064280739985
          ]
        },
        "peak_mem_mib_mean": {
          "mean": 14112.103515625,
          "std": 0.0,
          "n_runs": 3,
          "values": [
            14112.103515625,
            14112.103515625,
            14112.103515625
          ]
        },
        "avg_power_w": {
          "mean": 85.28729333333335,
          "std": 1.3157675790283934,
          "n_runs": 3,
          "values": [
            83.42807,
            86.15108000000001,
            86.28273000000003
          ]
        },
        "total_kwh": {
          "mean": 0.007105666666666666,
          "std": 0.00011222101209468549,
          "n_runs": 3,
          "values": [
            0.006947,
            0.007182,
            0.007188
          ]
        },
        "co2e_g": {
          "mean": 2.7428000000000003,
          "std": 0.04335765983844914,
          "n_runs": 3,
          "values": [
            2.6815,
            2.7722,
            2.7747
          ]
        }
      }
    },
    "32": {
      "bond_dim": 32,
      "condition": "llm_only",
      "n_params_core": 34200192,
      "compression_ratio": 6.859212014931346,
      "efficiency_gain_pct": -181.30249169997157,
      "param_efficiency_gain_pct": 99.5464909647377,
      "aggregate": {
        "l1_error_mean": {
          "mean": 0.23199564620213795,
          "std": 0.0,
          "n_runs": 3,
          "values": [
            0.23199564620213795,
            0.23199564620213795,
            0.23199564620213795
          ]
        },
        "inference_time_ms_mean": {
          "mean": 5895.073279713343,
          "std": 2.7148764364847664,
          "n_runs": 3,
          "values": [
            5894.853782080013,
            5898.502621380013,
            5891.863435680007
          ]
        },
        "peak_mem_mib_mean": {
          "mean": 14112.103515625,
          "std": 0.0,
          "n_runs": 3,
          "values": [
            14112.103515625,
            14112.103515625,
            14112.103515625
          ]
        },
        "avg_power_w": {
          "mean": 85.78259666666668,
          "std": 0.3932301061154422,
          "n_runs": 3,
          "values": [
            85.28071,
            85.82611000000001,
            86.24097000000002
          ]
        },
        "total_kwh": {
          "mean": 0.007158,
          "std": 3.2072833779799727e-05,
          "n_runs": 3,
          "values": [
            0.007115,
            0.007167,
            0.007192
          ]
        },
        "co2e_g": {
          "mean": 2.762966666666667,
          "std": 0.012365633380012907,
          "n_runs": 3,
          "values": [
            2.7464,
            2.7664,
            2.7761
          ]
        }
      }
    },
    "64": {
      "bond_dim": 64,
      "condition": "llm_only",
      "n_params_core": 134808832,
      "compression_ratio": 6.284151496735977,
      "efficiency_gain_pct": -180.61447378129012,
      "param_efficiency_gain_pct": 98.21237777421959,
      "aggregate": {
        "l1_error_mean": {
          "mean": 0.2016997049262624,
          "std": 2.7755575615628914e-17,
          "n_runs": 3,
          "values": [
            0.20169970492626238,
            0.20169970492626238,
            0.20169970492626238
          ]
        },
        "inference_time_ms_mean": {
          "mean": 5880.654935873329,
          "std": 3.2900345334267524,
          "n_runs": 3,
          "values": [
            5884.06248944003,
            5881.694865499976,
            5876.2074526799815
          ]
        },
        "peak_mem_mib_mean": {
          "mean": 14112.103515625,
          "std": 0.0,
          "n_runs": 3,
          "values": [
            14112.103515625,
            14112.103515625,
            14112.103515625
          ]
        },
        "avg_power_w": {
          "mean": 85.79246666666666,
          "std": 0.5805753801952798,
          "n_runs": 3,
          "values": [
            85.01487999999999,
            85.95296,
            86.40956
          ]
        },
        "total_kwh": {
          "mean": 0.007138333333333333,
          "std": 4.4850368510811146e-05,
          "n_runs": 3,
          "values": [
            0.007077,
            0.007155,
            0.007183
          ]
        },